player,position,team,age,minutes_90s,cards_red,cards_yellow,fouls,fouled,ball_recoveries,goals,games,minutes_pct,passes_pct,touches,continent,ronda,amarillas
Aaron Mooy,MF,Australia,32.26,4,0,1,4,1,35,0,4,100,78.3,255,Oceania,octavos de final,si
Aaron Ramsey,MF,Wales,31.98,3,0,1,3,3,19,0,3,98.5,78.6,147,Europe,fase de grupos,si
Abdelhamid Sabiri,MF,Morocco,26.05,2,0,1,2,3,7,0,5,27.4,77.6,86,Africa,final o tercer puesto,si
Abdelkarim Hassan,DF,Qatar,29.31,3,0,0,1,4,11,0,3,100,75.8,193,Asia,fase de grupos,no
Abderrazak Hamdallah,FW,Morocco,32,0.8,0,0,3,2,4,0,4,10.3,53.3,28,Africa,final o tercer puesto,no
Abdessamad Ezzalzouli,FW,Morocco,21,1,0,0,4,0,4,0,3,14.1,76.9,40,Africa,final o tercer puesto,no
Abdou Diallo,DF,Senegal,26.62,3.7,0,0,3,0,17,0,4,91.9,74.7,210,Africa,octavos de final,no
Abdul Fatawu Issahaku,FW,Ghana,18.78,0,0,0,0,0,0,0,1,0.4,100,2,Africa,fase de grupos,no
Abdulaziz Hatem,MF,Qatar,32.14,2.2,0,0,4,1,4,0,3,72.6,79.1,98,Asia,fase de grupos,no
Abdulelah Al-Amri,DF,Saudi Arabia,25.92,2,0,2,3,3,15,0,3,67.4,71.2,129,Asia,fase de grupos,si
Abdulellah Al-Malki,MF,Saudi Arabia,28.19,1.9,0,2,8,4,9,0,2,64.4,78.6,105,Asia,fase de grupos,si
Abdullah Madu,DF,Saudi Arabia,29.43,0.5,0,1,1,0,2,0,1,16.7,38.5,19,Asia,fase de grupos,si
Abdulrahman Al-Aboud,MF,Saudi Arabia,27.55,0.4,0,0,0,0,1,0,2,13,61.5,22,Asia,fase de grupos,no
Abolfazl Jalali,DF,IR Iran,24.48,0.2,0,1,1,4,3,0,1,7,69,34,Asia,fase de grupos,si
Achraf Dari,DF,Morocco,23.62,2.1,0,1,2,1,10,1,3,28.3,89.2,139,Africa,final o tercer puesto,si
Achraf Hakimi,DF,Morocco,24.12,7,0,0,6,13,46,0,7,95.6,81.7,478,Africa,final o tercer puesto,no
Adrien Rabiot,MF,France,27.71,5.4,0,1,10,4,30,1,6,73.2,83.5,350,Europe,final o tercer puesto,si
Agustín Canobbio,MF,Uruguay,24.21,0.1,0,0,0,1,2,0,1,4.1,71.4,11,South America,fase de grupos,no
Ahmad Nourollahi,MF,IR Iran,29.87,2.5,0,0,2,0,15,0,3,82.6,64.8,85,Asia,fase de grupos,no
Ahmed Alaaeldin,FW,Qatar,29.88,0.1,0,0,0,0,0,0,1,2.2,0,2,Asia,fase de grupos,no
Aimen Dahmen,GK,Tunisia,25.89,3,0,0,0,0,3,0,3,100,62.3,82,Africa,fase de grupos,no
Ajdin Hrustic,MF,Australia,26.45,0.7,0,0,1,2,3,0,3,17.2,81,32,Oceania,octavos de final,no
Akram Afif,FW,Qatar,26.08,3,0,1,2,6,14,0,3,100,84.2,181,Asia,fase de grupos,si
Alan Franco,MF,Ecuador,24.33,0.5,0,0,0,0,1,0,2,17,90.9,16,South America,fase de grupos,no
Alejandro Balde,DF,Spain,19.17,1.4,0,0,2,1,10,0,4,32.3,91.1,135,Europe,octavos de final,no
Aleksandar Mitrović,FW,Serbia,28.25,2.9,0,1,3,1,6,2,3,97,78.3,95,Europe,fase de grupos,si
Alex Sandro,DF,Brazil,31.89,2.1,0,0,3,2,16,0,3,39.6,88.8,193,South America,cuartos de final,no
Alex Telles,DF,Brazil,30.01,0.7,0,0,1,0,1,0,2,12.3,78.6,46,South America,cuartos de final,no
Alexander Bah,DF,Denmark,25.02,0.5,0,0,1,0,3,0,2,17,69.8,65,Europe,fase de grupos,no
Alexander Djiku,DF,Ghana,28.36,1.1,0,0,0,2,3,0,2,35.9,78.6,43,Africa,fase de grupos,no
Alexis Mac Allister,MF,Argentina,23.98,6.1,0,0,1,13,40,1,6,79.7,88.3,332,South America,final o tercer puesto,no
Alexis Vega,FW,Mexico,25.06,2.1,0,0,2,6,16,0,3,71.5,71.4,85,North America,fase de grupos,no
Ali Abdi,DF,Tunisia,28.99,2.1,0,1,5,0,17,0,3,69.6,62.1,152,Africa,fase de grupos,si
Ali Al Hassan,MF,Saudi Arabia,25.79,0.5,0,1,2,0,1,0,1,16.7,57.1,15,Asia,fase de grupos,si
Ali Al-Bulaihi,DF,Saudi Arabia,33.07,2.4,0,1,1,1,5,0,3,80,80.4,110,Asia,fase de grupos,si
Ali Assadalla,MF,Qatar,29.91,0.3,0,0,0,0,1,0,1,10,91.3,24,Asia,fase de grupos,no
Ali Gholizadeh,MF,IR Iran,26.78,2.2,0,0,3,1,21,0,3,73.7,63.9,86,Asia,fase de grupos,no
Ali Karimi,MF,IR Iran,28.85,1.1,0,0,4,1,6,0,3,36.7,75.6,55,Asia,fase de grupos,no
Ali Maâloul,DF,Tunisia,32.96,1,0,0,0,0,5,0,1,33.3,61.9,70,Africa,fase de grupos,no
Alidu Seidu,DF,Ghana,22.54,1.7,0,2,5,5,6,0,2,57.4,75.6,98,Africa,fase de grupos,si
Alireza Beiranvand,GK,IR Iran,30.24,1.2,0,0,0,0,0,0,2,40.4,64.5,34,Asia,fase de grupos,no
Alireza Jahanbakhsh,MF,IR Iran,29.35,0.7,0,2,2,0,1,0,2,21.9,64.7,27,Asia,fase de grupos,si
Alisson,GK,Brazil,30.21,4.2,0,0,0,1,7,0,4,79,86,101,South America,cuartos de final,no
Alistair Johnston,DF,Canada,24.19,3,0,1,5,3,16,0,3,100,79,209,North America,fase de grupos,si
Almoez Ali,FW,Qatar,26.33,2.5,0,1,2,2,6,0,3,83,73.3,66,Asia,fase de grupos,si
Alphonso Davies,MF,Canada,22.13,3,0,1,4,4,14,1,3,100,71.9,156,North America,fase de grupos,si
Amadou Onana,MF,Belgium,21.34,1.2,0,2,4,3,7,0,2,38.5,90.6,74,Europe,fase de grupos,si
Anass Zaroury,FW,Morocco,22.11,0.3,0,0,0,0,3,0,1,4.1,61.5,15,Africa,final o tercer puesto,no
Andre-Frank Zambo Anguissa,MF,Cameroon,27.09,2.9,0,0,6,4,16,0,3,96.3,86.9,159,Africa,fase de grupos,no
Andreas Christensen,DF,Denmark,26.69,3,0,1,2,1,20,1,3,100,94.4,280,Europe,fase de grupos,si
Andreas Cornelius,FW,Denmark,29.76,1,0,1,4,2,2,0,3,34.1,61.8,48,Europe,fase de grupos,si
Andreas Skov Olsen,FW,Denmark,22.97,1.5,0,0,2,1,3,0,2,48.9,68.3,76,Europe,fase de grupos,no
Andrej Kramarić,FW,Croatia,31.5,5.3,0,0,1,4,18,2,7,68.7,86.9,215,Europe,final o tercer puesto,no
Andries Noppert,GK,Netherlands,28.7,5.3,0,0,0,0,4,0,5,100,81.8,205,Europe,cuartos de final,no
Andrija Živković,DF,Serbia,26.44,2.3,0,0,2,4,11,0,3,77.8,74,118,Europe,fase de grupos,no
André Ayew,MF,Ghana,33,2.2,0,1,2,6,6,1,3,73.3,81.1,61,Africa,fase de grupos,si
André Onana,GK,Cameroon,26.71,0.9,0,0,0,0,1,0,1,29.6,76.3,60,Africa,fase de grupos,no
André Silva,FW,Portugal,27.12,0.3,0,0,0,0,0,0,1,5.8,81.8,14,Europe,cuartos de final,no
Andrés Guardado,MF,Mexico,36.22,0.5,0,0,1,0,5,0,1,15.2,68.8,22,North America,fase de grupos,no
Anis Ben Slimane,MF,Tunisia,21.76,1.6,0,0,0,0,5,0,2,54.8,63,72,Africa,fase de grupos,no
Ansu Fati,FW,Spain,20.13,0.5,0,0,0,0,1,0,2,11.8,86.2,33,Europe,octavos de final,no
Ante Budimir,FW,Croatia,31.41,0.6,0,0,4,2,0,0,2,8,40,12,Europe,final o tercer puesto,no
Anthony Contreras,FW,Costa Rica,22.88,1.4,0,1,1,1,4,0,3,46.3,57.7,38,North America,fase de grupos,si
Antoine Griezmann,MF,France,31.75,6,0,1,3,9,34,0,7,81.4,78.4,381,Europe,final o tercer puesto,si
Antoine Semenyo,FW,Ghana,22.95,0.2,0,0,0,0,0,0,2,7.4,50,6,Africa,fase de grupos,no
Antonee Robinson,DF,United States,25.36,4,0,0,2,0,40,0,4,99.7,71.8,288,North America,octavos de final,no
Antonio Rüdiger,DF,Germany,29.79,3,0,0,0,3,20,0,3,100,90.9,273,Europe,fase de grupos,no
Antony,FW,Brazil,22.81,1.9,0,0,2,5,12,0,4,35.8,78.9,145,South America,cuartos de final,no
António Silva,DF,Portugal,19.13,1,0,0,2,0,4,0,1,20,96.8,67,Europe,cuartos de final,no
Ao Tanaka,MF,Japan,24.27,1.9,0,0,1,1,9,1,3,43.8,69.6,84,Asia,octavos de final,no
Ardon Jasari,FW,Switzerland,20.39,0,0,0,0,0,1,0,1,0.6,83.3,8,Europe,octavos de final,no
Arkadiusz Milik,FW,Poland,28.8,1.1,0,1,1,2,3,0,3,28.1,65.5,39,Europe,octavos de final,si
Artur Jędrzejczyk,DF,Poland,35.12,0.2,0,0,0,0,0,0,1,5.3,75,5,Europe,octavos de final,no
Asiri Haitham,FW,Saudi Arabia,21.73,0,0,0,1,0,0,0,1,0.7,50,5,Asia,fase de grupos,no
Assim Madibo,MF,Qatar,26.16,1.7,0,1,1,1,15,0,2,56.7,82.9,85,Asia,fase de grupos,si
Atiba Hutchinson,MF,Canada,39.86,1.8,0,0,2,2,10,0,3,58.9,89.3,131,North America,fase de grupos,no
Aurélien Tchouaméni,MF,France,22.89,6.9,0,1,8,10,44,1,7,94.1,89.9,533,Europe,final o tercer puesto,si
Awer Mabil,MF,Australia,27.26,0.3,0,0,0,0,2,0,2,6.7,71.4,18,Oceania,octavos de final,no
Axel Disasi,DF,France,24.77,1,0,0,0,1,4,0,3,13.9,78.2,90,Europe,final o tercer puesto,no
Axel Witsel,MF,Belgium,33.93,3,0,0,5,4,12,0,3,100,95.5,200,Europe,fase de grupos,no
Ayase Ueda,FW,Japan,24.27,0.5,0,0,1,0,3,0,1,11.5,58.3,23,Asia,octavos de final,no
Aymeric Laporte,DF,Spain,28.56,3.3,0,1,3,2,17,0,3,76.9,94.3,456,Europe,octavos de final,si
Aziz Behich,DF,Australia,32.01,4,0,1,3,3,22,0,4,100,74.9,249,Oceania,octavos de final,si
Azzedine Ounahi,MF,Morocco,22.67,6.3,0,1,3,13,38,0,7,86.1,81.5,328,Africa,final o tercer puesto,si
Aïssa Laïdouni,MF,Tunisia,26.01,2.7,0,1,3,6,25,0,3,90,80.5,156,Africa,fase de grupos,si
Baba Rahman,DF,Ghana,28.46,2,0,0,7,1,6,0,3,67.8,66,121,Africa,fase de grupos,no
Badr Banoun,DF,Morocco,29.22,0.6,0,0,2,0,2,0,3,8.2,95.5,28,Africa,final o tercer puesto,no
Bailey Wright,DF,Australia,30.39,0.2,0,0,0,0,0,0,1,4.7,33.3,5,Oceania,octavos de final,no
Bamba Dieng,FW,Senegal,22.74,1.1,0,0,5,3,4,1,4,27.8,56.3,32,Africa,octavos de final,no
Bartosz Bereszyński,DF,Poland,30.44,3.8,0,1,5,3,15,0,4,94.7,78.2,197,Europe,octavos de final,si
Bassam Al-Rawi,DF,Qatar,25.01,1,0,0,1,2,3,0,1,33.3,82.5,68,Asia,fase de grupos,no
Ben Davies,DF,Wales,29.65,2.6,0,0,1,3,20,0,3,88.1,75.8,184,Europe,fase de grupos,no
Benjamin Pavard,DF,France,26.73,1,0,0,0,0,5,0,1,13.3,91.1,94,Europe,final o tercer puesto,no
Bernardo Silva,MF,Portugal,28.36,4,0,0,1,2,32,0,5,79.1,87.7,309,Europe,cuartos de final,no
Bilal El Khannous,MF,Morocco,18.61,0.6,0,0,0,1,0,0,1,8.3,83.3,29,Africa,final o tercer puesto,no
Borna Barišić,DF,Croatia,30.1,1.3,0,1,5,2,3,0,1,17.4,72.5,81,Europe,final o tercer puesto,si
Borna Sosa,DF,Croatia,24.91,4.7,0,0,4,2,14,0,5,61.4,79.1,333,Europe,final o tercer puesto,no
Boualem Khoukhi,DF,Qatar,32.44,3,0,0,1,5,16,0,3,100,85.8,232,Asia,fase de grupos,no
Boulaye Dia,FW,Senegal,26.09,3.5,0,1,3,3,7,1,4,88.3,73.6,81,Africa,octavos de final,si
Brandon Aguilera,MF,Costa Rica,19.47,1,0,0,2,2,8,0,3,33.3,71.1,44,North America,fase de grupos,no
Breel Embolo,FW,Switzerland,25.84,3.6,0,0,3,12,6,2,4,89.7,74.2,92,Europe,octavos de final,no
Brenden Aaronson,MF,United States,22.16,1.2,0,0,3,3,9,0,4,30,82,78,North America,octavos de final,no
Brennan Johnson,FW,Wales,21.57,1,0,0,2,1,3,0,3,33.7,58.8,33,Europe,fase de grupos,no
Bruno Fernandes,FW,Portugal,28.28,4,0,1,2,8,23,2,4,79.1,80.7,266,Europe,cuartos de final,si
Bruno Guimarães,MF,Brazil,25.09,0.8,0,1,2,2,6,0,2,14.4,79.6,67,South America,cuartos de final,si
Bruno Petković,FW,Croatia,28.25,2.6,0,1,3,11,9,1,6,33.9,53.3,101,Europe,final o tercer puesto,si
Bryan Mbeumo,FW,Cameroon,23.36,2.6,0,0,1,8,7,0,3,86.3,57.6,106,Africa,fase de grupos,no
Bryan Oviedo,DF,Costa Rica,32.83,2.9,0,0,2,4,14,0,3,96.3,75.3,112,North America,fase de grupos,no
Bryan Ruiz,MF,Costa Rica,37.33,0.3,0,0,0,1,1,0,1,11.1,66.7,14,North America,fase de grupos,no
Bukayo Saka,FW,England,21.28,3.2,0,0,7,6,13,3,4,64,77.8,147,Europe,cuartos de final,no
Callum Wilson,FW,England,30.81,0.5,0,0,0,2,3,0,2,10.7,90,16,Europe,cuartos de final,no
Cameron Carter-Vickers,DF,United States,24.96,1,0,0,0,1,4,0,1,25,86.2,64,North America,octavos de final,no
Carlos Gruezo,MF,Ecuador,27.67,0.5,0,0,0,0,2,0,1,16.7,100,19,South America,fase de grupos,no
Carlos Martínez,DF,Costa Rica,23.72,0.5,0,0,1,0,3,0,1,16.7,66.7,20,North America,fase de grupos,no
Carlos Soler,MF,Spain,25.96,1,0,0,0,1,3,1,2,23.6,94,88,Europe,octavos de final,no
Casemiro,MF,Brazil,30.82,4.3,0,1,7,3,22,1,4,81.3,82.9,302,South America,cuartos de final,si
Celso Borges,MF,Costa Rica,34.56,2.8,0,1,2,0,17,0,3,92.2,81.7,143,North America,fase de grupos,si
Charles De Ketelaere,FW,Belgium,21.78,0.2,0,0,0,1,3,0,1,5.9,75,6,Europe,fase de grupos,no
Charly Rodríguez,MF,Mexico,25.96,0.4,0,0,1,1,6,0,2,12.6,70,36,North America,fase de grupos,no
Cheikhou Kouyaté,MF,Senegal,32.99,0.8,0,0,1,1,5,0,1,20,82.6,34,Africa,octavos de final,no
Cho Guesung,FW,Korea Republic,24.9,3.1,0,1,7,6,4,2,4,76.4,63.5,88,Asia,octavos de final,si
Cho Yumin,FW,Korea Republic,26.08,0,0,0,0,0,0,0,1,0.3,NA,0,Asia,octavos de final,no
Chris Mepham,DF,Wales,25.12,3,0,1,7,1,8,0,3,100,82,199,Europe,fase de grupos,si
Christian Bassogog,MF,Cameroon,27.17,0.3,0,1,0,1,2,0,1,8.9,55.6,13,Africa,fase de grupos,si
Christian Eriksen,MF,Denmark,30.84,3,0,0,2,1,30,0,3,100,81.7,253,Europe,fase de grupos,no
Christian Fassnacht,FW,Switzerland,29.1,0.1,0,0,0,0,2,0,1,2.2,70,12,Europe,octavos de final,no
Christian Nørgaard,MF,Denmark,28.78,0.1,0,0,0,0,2,0,1,2.2,93.3,15,Europe,fase de grupos,no
Christian Pulisic,FW,United States,24.25,3.5,0,0,2,11,11,1,4,87.5,58.9,187,North America,octavos de final,no
Christopher Wooh,DF,Cameroon,21.25,1,0,0,2,0,0,0,1,33.3,80.6,45,Africa,fase de grupos,no
Cody Gakpo,FW,Netherlands,23.62,5,0,0,8,5,19,3,5,93.8,62.8,205,Europe,cuartos de final,no
Collins Fai,DF,Cameroon,30.35,3,0,2,4,4,21,0,3,100,67.8,169,Africa,fase de grupos,si
Connor Roberts,DF,Wales,27.24,2.2,0,0,0,1,8,0,3,74.1,78,138,Europe,fase de grupos,no
Craig Goodwin,MF,Australia,31.01,2.6,0,0,1,2,14,1,4,65,61.1,118,Oceania,octavos de final,no
Cristian Romero,DF,Argentina,24.64,6.1,0,2,12,3,35,0,7,79.3,89.9,428,South America,final o tercer puesto,si
Cristiano Ronaldo,FW,Portugal,37.87,3.2,0,0,2,5,6,1,5,64.4,75.6,116,Europe,cuartos de final,no
Cyle Larin,FW,Canada,27.67,1.5,0,0,2,0,4,0,3,50.7,72.4,44,North America,fase de grupos,no
César Azpilicueta,DF,Spain,33.31,1.5,0,0,2,0,5,0,2,34.6,94.5,185,Europe,octavos de final,no
César Montes,DF,Mexico,25.81,3,0,0,4,0,13,0,3,100,80.7,222,North America,fase de grupos,no
Daichi Kamada,FW,Japan,26.37,3.6,0,0,1,1,10,0,4,82.6,79.8,139,Asia,octavos de final,no
Daizen Maeda,FW,Japan,25.16,2,0,0,2,3,4,1,3,46.2,47.1,31,Asia,octavos de final,no
Daley Blind,DF,Netherlands,32.78,4.7,0,0,3,1,24,1,5,88.1,84,339,Europe,cuartos de final,no
Damian Szymański,MF,Poland,27.51,0.3,0,0,0,0,0,0,1,8.1,100,9,Europe,octavos de final,no
Dani Alves,DF,Brazil,39.62,1.3,0,0,5,2,9,0,2,24.6,85.6,113,South America,cuartos de final,no
Dani Carvajal,DF,Spain,30.93,1.5,0,0,0,1,9,0,2,34.6,89.6,137,Europe,octavos de final,no
Dani Olmo,FW,Spain,24.62,4.1,0,0,5,6,15,1,4,94.1,81.8,257,Europe,octavos de final,no
Daniel Amartey,DF,Ghana,27.99,2.8,0,2,3,1,15,0,3,93,90.8,172,Africa,fase de grupos,si
Daniel Chacón,MF,Costa Rica,21.69,0,0,0,0,0,0,0,1,0.4,100,2,North America,fase de grupos,no
Daniel James,FW,Wales,25.1,1.7,0,1,1,2,4,0,3,57,66.7,49,Europe,fase de grupos,si
Daniel Kyereh,MF,Ghana,26.78,0.4,0,0,0,0,3,0,3,12.2,78.3,31,Africa,fase de grupos,no
Danilo,DF,Brazil,31.43,3.1,0,1,3,1,17,0,3,58.5,85.5,289,South America,cuartos de final,si
Danilo Pereira,DF,Portugal,31.27,1,0,1,1,2,4,0,1,20,87.2,87,Europe,cuartos de final,si
Danny Ward,GK,Wales,29.49,1,0,0,0,0,2,0,2,34.8,61.5,42,Europe,fase de grupos,no
Darko Lazović,DF,Serbia,32.26,0.3,0,0,0,1,0,0,1,9.3,58.3,14,Europe,fase de grupos,no
Darwin Núñez,FW,Uruguay,23.48,2.7,0,1,2,3,6,0,3,88.9,62.5,85,South America,fase de grupos,si
David Raum,DF,Germany,24.66,2.7,0,0,5,3,12,0,3,89.6,78.5,229,Europe,fase de grupos,no
David Wotherspoon,MF,Canada,32.92,0.2,0,0,0,1,3,0,1,5.6,57.1,9,North America,fase de grupos,no
Davy Klaassen,MF,Netherlands,29.82,2.1,0,0,1,3,14,1,4,39.6,76.6,96,Europe,cuartos de final,no
Dayot Upamecano,DF,France,24.14,5.3,0,0,4,3,33,0,5,72.7,89.5,393,Europe,final o tercer puesto,no
DeAndre Yedlin,DF,United States,29.44,0.4,0,0,2,0,1,0,2,9.2,67.9,32,North America,octavos de final,no
Declan Rice,MF,England,23.93,4.6,0,0,3,2,29,0,5,92.7,93.2,362,Europe,cuartos de final,no
Dejan Lovren,DF,Croatia,33.45,6.7,0,1,2,5,31,0,6,87,88,515,Europe,final o tercer puesto,si
Denis Odoi,DF,Ghana,34.56,0.1,0,0,0,0,0,0,1,4.8,100,7,Africa,fase de grupos,no
Denis Zakaria,MF,Switzerland,26.08,0.7,0,0,1,2,5,0,2,16.4,87,32,Europe,octavos de final,no
Denzel Dumfries,DF,Netherlands,26.67,5.3,1,2,17,7,16,1,5,99.8,68.7,274,Europe,cuartos de final,si
Devis Epassy,GK,Cameroon,29.87,2,0,0,0,1,1,0,2,66.7,68.7,93,Africa,fase de grupos,no
Diego Godín,DF,Uruguay,36.84,1.7,0,0,0,1,6,0,2,55.9,84.5,116,South America,fase de grupos,no
Diogo Costa,GK,Portugal,23.25,5,0,0,0,0,9,0,5,100,70.6,170,Europe,cuartos de final,no
Diogo Dalot,DF,Portugal,23.75,2.9,0,0,1,1,13,0,3,57.3,76.2,172,Europe,cuartos de final,no
Djibril Sow,MF,Switzerland,25.86,2.9,0,0,2,7,9,0,4,73.3,86.6,115,Europe,octavos de final,no
Djorkaeff Reasco,FW,Ecuador,23.92,0.3,0,0,1,0,1,0,1,10,100,3,South America,fase de grupos,no
Dominik Livaković,GK,Croatia,27.94,7.7,0,1,1,0,11,0,7,100,85.1,245,Europe,final o tercer puesto,si
Dries Mertens,MF,Belgium,35.62,0.8,0,0,0,0,2,0,2,28.1,66.7,39,Europe,fase de grupos,no
Dušan Tadić,MF,Serbia,34.08,2.9,0,0,7,4,10,0,3,95.2,70.9,150,Europe,fase de grupos,no
Dušan Vlahović,FW,Serbia,22.89,0.9,0,0,0,2,3,1,2,29.3,54.5,19,Europe,fase de grupos,no
Dylan Bronn,DF,Tunisia,27.5,1.8,0,0,1,1,7,0,2,60,76.5,104,Africa,fase de grupos,no
Eden Hazard,MF,Belgium,31.95,1.4,0,0,0,7,7,0,3,45.9,79.3,70,Europe,fase de grupos,no
Ederson,GK,Brazil,29.34,1,0,0,0,0,2,0,1,18.8,90.3,32,South America,cuartos de final,no
Edimilson Fernandes,FW,Switzerland,26.68,1.6,0,0,1,1,14,0,3,40.3,79.3,95,Europe,octavos de final,no
Edinson Cavani,FW,Uruguay,35.84,1.4,0,1,0,1,6,0,3,45.9,73,44,South America,fase de grupos,si
Edouard Mendy,GK,Senegal,30.8,4,0,0,0,0,4,0,4,100,73.3,128,Africa,octavos de final,no
Edson Álvarez,MF,Mexico,25.15,1.9,0,1,4,1,10,0,2,64.8,75.4,131,North America,fase de grupos,si
Eduardo Camavinga,DF,France,20.1,1.6,0,0,2,8,15,0,2,21.2,88,138,Europe,final o tercer puesto,no
Ehsan Hajsafi,MF,IR Iran,32.81,2.6,0,0,1,3,10,0,3,87.8,62.2,118,Asia,fase de grupos,no
Ellyes Skhiri,MF,Tunisia,27.61,3,0,0,3,2,18,0,3,100,85.8,161,Africa,fase de grupos,no
Emiliano Martínez,GK,Argentina,30.29,7.7,0,1,0,1,4,0,7,100,64.2,196,South America,final o tercer puesto,si
Enner Valencia,FW,Ecuador,33.12,2.8,0,0,3,7,8,3,3,94.4,70.2,98,South America,fase de grupos,no
Enzo Ebosse,DF,Cameroon,23.77,1,0,0,0,0,1,0,1,33.3,89.5,49,Africa,fase de grupos,no
Enzo Fernández,MF,Argentina,21.92,6.3,0,1,7,6,39,1,7,81.7,87.5,533,South America,final o tercer puesto,si
Eray Cömert,DF,Switzerland,24.87,0.5,0,1,3,1,4,0,2,12.8,90.5,50,Europe,octavos de final,si
Eric Dier,DF,England,28.92,0.4,0,0,1,0,3,0,2,8,97.6,44,Europe,cuartos de final,no
Eric Maxim Choupo-Moting,FW,Cameroon,33.74,2.8,0,0,0,1,8,1,3,93.7,66.7,87,Africa,fase de grupos,no
Erick Gutiérrez,MF,Mexico,27.51,0.5,0,1,2,3,3,0,1,18.1,82.8,34,North America,fase de grupos,si
Ethan Ampadu,MF,Wales,22.26,2.8,0,0,5,3,16,0,3,94.4,75,178,Europe,fase de grupos,no
Everton Ribeiro,MF,Brazil,33.69,0.4,0,0,0,0,0,0,1,7.5,83.3,21,South America,cuartos de final,no
Exequiel Palacios,MF,Argentina,24.2,0.6,0,0,2,3,6,0,3,7.2,89.3,34,South America,final o tercer puesto,no
Fabian Frei,MF,Switzerland,33.94,0.3,0,0,1,0,2,0,2,6.9,64.3,16,Europe,octavos de final,no
Fabian Rieder,FW,Switzerland,20.84,0.8,0,1,4,2,4,0,2,18.9,50,32,Europe,octavos de final,si
Fabian Schär,DF,Switzerland,30.99,1.5,0,2,1,2,7,0,2,37.5,79.3,100,Europe,octavos de final,si
Fabinho,MF,Brazil,29.15,1,0,0,2,0,9,0,1,18.8,89.5,63,South America,cuartos de final,no
Facundo Pellistri,MF,Uruguay,20.99,2,0,0,2,2,9,0,3,67,69.6,66,South America,fase de grupos,no
Famara Diedhiou,FW,Senegal,30.01,1,0,0,2,2,3,1,2,25.6,71.4,24,Africa,octavos de final,no
Federico Valverde,MF,Uruguay,24.41,3,0,0,6,2,19,0,3,100,84.1,225,South America,fase de grupos,no
Ferjani Sassi,MF,Tunisia,30.75,0.5,0,1,1,1,5,0,2,17.8,73.5,39,Africa,fase de grupos,si
Ferrán Torres,FW,Spain,22.8,2.4,0,0,1,5,8,2,4,55.6,69.4,115,Europe,octavos de final,no
Filip Kostić,DF,Serbia,30.13,2,0,0,3,1,12,0,2,66.3,63.7,130,Europe,fase de grupos,no
Filip Mladenović,DF,Serbia,31.34,0.7,0,0,0,0,4,0,1,24.1,80,29,Europe,fase de grupos,no
Filip Đuričić,MF,Serbia,30.88,0.2,0,0,0,1,0,0,2,5.2,83.3,9,Europe,fase de grupos,no
Firas Al-Buraikan,MF,Saudi Arabia,22.6,3,0,0,2,3,7,0,3,99.3,66.7,94,Asia,fase de grupos,no
Fodé Ballo-Touré,DF,Senegal,25.96,0.1,0,0,0,0,0,0,1,1.9,62.5,10,Africa,octavos de final,no
Fran Karačić,DF,Australia,26.6,1,0,0,3,0,9,0,2,25.8,61.1,69,Oceania,octavos de final,no
Francisco Calvo,DF,Costa Rica,30.45,2,0,2,6,0,12,0,2,66.7,82.7,121,North America,fase de grupos,si
Fred,MF,Brazil,29.79,1.6,0,1,3,0,7,0,4,29.6,85.5,98,South America,cuartos de final,si
Frenkie de Jong,MF,Netherlands,25.6,5.3,0,1,4,6,30,1,5,99,88.7,408,Europe,cuartos de final,si
Félix Torres Caicedo,DF,Ecuador,25.93,3,0,0,1,0,17,0,3,100,80.8,233,South America,fase de grupos,no
Gabriel Jesus,FW,Brazil,25.71,1,0,0,1,4,2,0,3,19.4,78.6,39,South America,cuartos de final,no
Garang Kuol,FW,Australia,18.26,0.4,0,0,1,0,0,0,2,10.3,60,10,Oceania,octavos de final,no
Gareth Bale,FW,Wales,33.42,2.5,0,1,2,5,9,1,3,83.3,62.3,68,Europe,fase de grupos,si
Gavi,MF,Spain,18.37,3.2,0,0,9,14,7,1,4,72.8,86.4,183,Europe,octavos de final,no
Gaël Ondoua,MF,Cameroon,27.12,0.5,0,0,2,1,2,0,2,17.4,89.5,25,Africa,fase de grupos,no
Georges-Kévin N'Koudou,FW,Cameroon,27.84,0.3,0,0,1,1,3,0,2,10,75,20,Africa,fase de grupos,no
Germán Pezzella,DF,Argentina,31.48,0.7,0,1,2,2,1,0,3,8.7,93.3,47,South America,final o tercer puesto,si
Gerson Torres,MF,Costa Rica,25.31,0.7,0,0,1,8,4,0,1,23.7,100,25,North America,fase de grupos,no
Ghaylène Chaalali,MF,Tunisia,28.8,0.2,0,0,1,0,2,0,1,6.3,75,11,Africa,fase de grupos,no
Gideon Mensah,DF,Ghana,24.42,1,0,0,0,0,4,0,1,32.2,78.3,59,Africa,fase de grupos,no
Gio Reyna,FW,United States,20.1,0.6,0,0,0,2,1,0,2,14.7,68.4,42,North America,octavos de final,no
Giorgian De Arrascaeta,MF,Uruguay,28.55,1.2,0,0,0,0,7,2,2,40,61.5,69,South America,fase de grupos,no
Gleison Bremer,DF,Brazil,25.75,1.2,0,0,2,0,9,0,2,22.7,92.9,95,South America,cuartos de final,no
Gonzalo Montiel,DF,Argentina,25.96,1.3,0,3,4,2,3,0,4,17.1,85.2,95,South America,final o tercer puesto,si
Gonzalo Plata,MF,Ecuador,22.13,3,0,0,4,6,10,0,3,99.6,74,133,South America,fase de grupos,no
Gonçalo Ramos,FW,Portugal,21.5,1.7,0,0,2,3,2,3,4,33.8,80.6,55,Europe,cuartos de final,no
Granit Xhaka,MF,Switzerland,30.22,4,0,1,5,4,21,0,4,100,88.5,273,Europe,octavos de final,si
Gregor Kobel,GK,Switzerland,25.03,1,0,0,0,0,2,0,1,25,72.4,29,Europe,octavos de final,no
Grzegorz Krychowiak,MF,Poland,32.88,3.7,0,1,6,7,23,0,4,92.2,73.2,165,Europe,octavos de final,si
Guido Rodríguez,MF,Argentina,28.68,0.6,0,0,0,0,2,0,1,8.1,84.4,69,South America,final o tercer puesto,no
Guillermo Ochoa,GK,Mexico,37.43,3,0,0,0,1,7,0,3,100,85.3,112,North America,fase de grupos,no
Guillermo Varela,DF,Uruguay,29.74,2,0,0,3,8,8,0,3,67.8,67.4,109,South America,fase de grupos,no
Haji Wright,FW,United States,24.73,1.5,0,0,1,3,4,1,4,38.1,74.1,44,North America,octavos de final,no
Hakim Ziyech,FW,Morocco,29.75,7.1,0,0,12,7,29,1,7,96.2,69,386,Africa,final o tercer puesto,no
Hannibal Mejbri,MF,Tunisia,19.91,0.1,0,0,0,0,1,0,1,4.1,100,4,Africa,fase de grupos,no
Haris Seferović,FW,Switzerland,30.82,0.8,0,0,1,0,1,0,3,19.7,71.4,20,Europe,octavos de final,no
Harry Kane,FW,England,29.39,4.5,0,0,1,9,16,2,5,89.3,63.3,138,Europe,cuartos de final,no
Harry Maguire,DF,England,29.79,4.8,0,1,6,2,17,0,5,95.3,87,445,Europe,cuartos de final,si
Harry Souttar,DF,Australia,24.16,4,0,0,1,1,17,0,4,100,82.6,213,Oceania,octavos de final,no
Harry Wilson,MF,Wales,25.74,1.8,0,0,1,2,10,0,3,59.3,75,81,Europe,fase de grupos,no
Hassan Al Tambakti,DF,Saudi Arabia,23.85,2,0,1,2,5,9,0,2,66.7,72.7,75,Asia,fase de grupos,si
Hassan Al-Haydos,MF,Qatar,32.02,2.3,0,0,4,0,12,0,3,76.3,81.3,101,Asia,fase de grupos,no
Hattan Bahebri,MF,Saudi Arabia,30.42,0,0,1,2,0,1,0,2,1.5,57.1,7,Asia,fase de grupos,si
Henry Martín,FW,Mexico,30.08,1.6,0,0,3,3,4,1,2,54.1,65,35,North America,fase de grupos,no
Hernán Galíndez,GK,Ecuador,35.72,3,0,0,0,0,3,0,3,100,59.5,77,South America,fase de grupos,no
Hidemasa Morita,MF,Japan,27.61,3.2,0,0,4,1,21,0,3,73.1,82.2,192,Asia,octavos de final,no
Hiroki Ito,DF,Japan,23.6,0.5,0,0,3,0,2,0,1,11.5,92.1,64,Asia,octavos de final,no
Hiroki Sakai,MF,Japan,32.68,1.3,0,0,3,1,6,0,2,30.5,59.6,70,Asia,octavos de final,no
Hirving Lozano,FW,Mexico,27.39,2.8,0,0,7,11,14,0,3,93.3,54.5,109,North America,fase de grupos,no
Homam Ahmed,DF,Qatar,23.32,2.9,0,1,5,8,14,0,3,97,73.3,115,Asia,fase de grupos,si
Hong Chul,DF,Korea Republic,32.25,0.5,0,0,0,0,2,0,1,12.5,85,24,Asia,octavos de final,no
Hossein Hosseini,GK,IR Iran,30.47,1.8,0,0,0,0,0,0,2,59.6,48.9,49,Asia,fase de grupos,no
Hossein Kanaanizadegan,DF,IR Iran,28.74,0.5,0,1,0,1,1,0,1,16.7,72.7,15,Asia,fase de grupos,si
Hugo Lloris,GK,France,35.98,6.3,0,0,0,1,5,0,6,86.4,60.4,203,Europe,final o tercer puesto,no
Hwang Hee-chan,MF,Korea Republic,26.89,1.3,0,1,3,3,7,1,2,31.9,76.3,84,Asia,octavos de final,si
Hwang In-beom,MF,Korea Republic,26.24,3.7,0,0,7,3,22,0,4,92.8,78.5,276,Asia,octavos de final,no
Hwang Ui-jo,FW,Korea Republic,30.31,1.2,0,0,0,0,3,0,4,29.4,81.8,18,Asia,octavos de final,no
Héctor Herrera,MF,Mexico,32.67,1.8,0,1,4,1,7,0,2,59.3,82.1,91,North America,fase de grupos,si
Héctor Moreno,DF,Mexico,34.92,3,0,1,3,3,14,0,3,100,84.6,210,North America,fase de grupos,si
Ibrahima Konaté,DF,France,23.57,3.3,0,0,2,4,14,0,5,44.5,91.5,283,Europe,final o tercer puesto,no
Idrissa Gana Gueye,MF,Senegal,33.23,3,0,2,4,1,15,0,3,75,80.5,155,Africa,octavos de final,si
Ilias Chair,MF,Morocco,25.13,0.5,0,0,0,0,2,0,1,6.8,86.7,18,Africa,final o tercer puesto,no
Iliman Ndiaye,FW,Senegal,22.79,1.5,0,0,0,1,4,0,3,37.5,78.1,44,Africa,octavos de final,no
Ismail Jakobs,DF,Senegal,23.34,3.1,0,1,3,6,9,0,4,77.2,68.6,184,Africa,octavos de final,si
Ismail Mohamad,FW,Qatar,32.7,1.9,0,1,1,6,NA,0,2,64.4,NA,NA,Asia,fase de grupos,si
Ismaila Sarr,FW,Senegal,24.81,3.8,0,0,3,17,17,1,4,95.6,64.2,133,Africa,octavos de final,no
Ismaël Koné,MF,Canada,20.53,1.2,0,0,0,1,3,0,3,40.4,95,103,North America,fase de grupos,no
Issam Jebali,FW,Tunisia,30.98,2,0,0,10,2,8,0,3,67.4,71.4,60,Africa,fase de grupos,no
Ivan Ilić,MF,Serbia,21.76,0.4,0,0,0,0,3,0,1,12.6,95,23,Europe,fase de grupos,no
Ivan Perišić,FW,Croatia,33.87,7.4,0,0,10,0,31,1,7,97,69.2,378,Europe,final o tercer puesto,no
Iñaki Williams,FW,Ghana,28.51,3,0,0,4,3,9,0,3,100,69,63,Africa,fase de grupos,no
Jack Grealish,FW,England,27.27,1,0,0,0,10,6,1,5,19.1,88.9,71,Europe,cuartos de final,no
Jackson Irvine,MF,Australia,29.78,3.9,0,2,7,2,11,0,4,98.3,80.5,170,Oceania,octavos de final,si
Jackson Porozo,DF,Ecuador,22.37,1.1,0,0,1,2,2,0,2,35.6,88.6,58,South America,fase de grupos,no
Jakub Kamiński,MF,Poland,20.54,2.6,0,0,5,2,17,0,4,64.7,60.7,88,Europe,octavos de final,no
Jakub Kiwior,DF,Poland,22.84,3.9,0,1,1,0,11,0,4,98.6,84.9,236,Europe,octavos de final,si
Jamal Musiala,MF,Germany,19.81,2.9,0,0,1,6,19,0,3,95.6,81,163,Europe,fase de grupos,no
Jamie Maclaren,FW,Australia,29.39,0.6,0,0,1,0,1,0,3,15.3,46.7,15,Oceania,octavos de final,no
Jan Bednarek,DF,Poland,26.68,0.1,0,0,0,0,1,0,1,1.4,100,6,Europe,octavos de final,no
Jan Vertonghen,DF,Belgium,35.65,3,0,0,0,6,15,0,3,100,88.5,290,Europe,fase de grupos,no
Jason Cummings,FW,Australia,27.38,0.4,0,0,0,0,1,0,1,9.7,66.7,9,Oceania,octavos de final,no
Jawad El Yamiq,DF,Morocco,30.8,3.4,0,0,1,4,20,0,6,46.8,89,202,Africa,final o tercer puesto,no
Jean-Charles Castelletto,DF,Cameroon,27.89,2,0,0,1,1,9,1,2,66.7,80.5,109,Africa,fase de grupos,no
Jeong Woo-yeong,MF,Korea Republic,23.24,0.5,0,0,1,0,1,0,1,12.5,80,20,Asia,octavos de final,no
Jeremy Doku,MF,Belgium,20.56,0.2,0,0,0,1,0,0,1,7,57.1,16,Europe,fase de grupos,no
Jeremy Sarmiento,MF,Ecuador,20.51,0.9,0,0,2,2,6,0,3,31.5,62.2,44,South America,fase de grupos,no
Jerome Ngom Mbekeli,MF,Cameroon,24.22,0.1,0,0,0,0,0,0,1,1.9,50,4,Africa,fase de grupos,no
Jesper Lindstrøm,MF,Denmark,22.8,2.2,0,0,4,2,8,0,3,74.1,69.2,81,Europe,fase de grupos,no
Jesús Ferreira,FW,United States,21.98,0.5,0,0,0,1,1,0,1,12.5,84.2,24,North America,octavos de final,no
Jesús Gallardo,DF,Mexico,28.34,3,0,0,4,1,14,0,3,100,69.4,167,North America,fase de grupos,no
Jewison Bennette,MF,Costa Rica,18.51,1.1,0,0,0,2,4,0,3,38.1,78.6,29,North America,fase de grupos,no
Jhegson Méndez,MF,Ecuador,25.65,2,0,2,3,2,16,0,2,66.7,91.4,150,South America,fase de grupos,si
Joachim Andersen,DF,Denmark,26.55,3,0,0,3,4,15,0,3,100,79.2,281,Europe,fase de grupos,no
Joakim Mæhle,DF,Denmark,25.58,2.8,0,0,1,4,10,0,3,92.2,81.5,185,Europe,fase de grupos,no
Joe Allen,MF,Wales,32.76,1,0,0,0,2,9,0,2,34.8,83.3,51,Europe,fase de grupos,no
Joe Morrell,MF,Wales,25.96,0.4,0,0,1,1,4,0,2,12.2,85.7,24,Europe,fase de grupos,no
Joe Rodon,DF,Wales,25.16,3,0,1,3,0,10,0,3,100,89.9,192,Europe,fase de grupos,si
Joel Campbell,FW,Costa Rica,30.48,3,0,1,3,11,14,0,3,99.6,75.4,179,North America,fase de grupos,si
Johan Venegas,FW,Costa Rica,34.06,0.8,0,0,1,1,1,0,1,27,78.6,21,North America,fase de grupos,no
John Stones,DF,England,28.56,4.8,0,0,4,3,17,0,5,96.4,95.8,475,Europe,cuartos de final,no
Jonas Hofmann,FW,Germany,30.43,0.3,0,0,0,0,0,0,2,11.1,80,24,Europe,fase de grupos,no
Jonathan David,FW,Canada,22.93,2.1,0,0,0,1,5,0,3,71.1,68.3,84,North America,fase de grupos,no
Jonathan Osorio,MF,Canada,30.52,1.3,0,1,1,2,5,0,3,44.1,91.2,68,North America,fase de grupos,si
Jordan Ayew,FW,Ghana,31.27,1.5,0,0,2,5,8,0,3,50.4,76.1,68,Africa,fase de grupos,no
Jordan Henderson,MF,England,32.5,3,0,0,5,4,12,1,4,60.2,84,179,Europe,cuartos de final,no
Jordan Morris,FW,United States,28.15,0,0,0,0,0,0,0,2,1.1,25,5,North America,octavos de final,no
Jordan Pickford,GK,England,28.78,5,0,0,0,0,4,0,5,100,78.8,169,Europe,cuartos de final,no
Jordan Veretout,MF,France,29.8,0.7,0,0,2,0,1,0,1,9.4,91.7,43,Europe,final o tercer puesto,no
Jordi Alba,DF,Spain,33.75,2.9,0,0,4,3,20,0,4,67.7,88.2,392,Europe,octavos de final,no
Jorge Eduardo Sánchez,DF,Mexico,25.02,1.9,0,1,5,1,6,0,2,64.8,79.3,113,North America,fase de grupos,si
Josh Sargent,FW,United States,22.82,1.7,0,0,2,0,1,0,3,43.6,87.9,48,North America,octavos de final,no
Joshua Kimmich,MF,Germany,27.86,3,0,1,2,2,19,0,3,100,84.6,301,Europe,fase de grupos,si
Josip Juranović,DF,Croatia,27.34,6.7,0,0,1,6,40,0,6,87,78.5,450,Europe,final o tercer puesto,no
Josip Stanišić,DF,Croatia,22.71,1,0,0,1,2,4,0,1,13,73.5,56,Europe,final o tercer puesto,no
Josip Šutalo,DF,Croatia,22.8,1,0,0,0,0,3,0,1,13,93.9,73,Europe,final o tercer puesto,no
José Cifuentes,MF,Ecuador,23.77,0.7,0,0,3,0,3,0,2,21.9,75,52,South America,fase de grupos,no
José María Giménez,DF,Uruguay,27.91,3,0,1,4,3,13,0,3,100,81,213,South America,fase de grupos,si
João Cancelo,DF,Portugal,28.56,3.4,0,0,2,4,24,0,4,68.9,81.5,311,Europe,cuartos de final,no
João Félix,FW,Portugal,23.1,3.7,0,1,8,9,9,1,4,73.6,74.6,153,Europe,cuartos de final,si
João Mário,FW,Portugal,29.91,0.9,0,0,0,0,5,0,2,18.7,92.5,52,Europe,cuartos de final,no
João Palhinha,MF,Portugal,27.44,0.4,0,0,2,0,5,0,3,8.4,83.9,41,Europe,cuartos de final,no
Joško Gvardiol,DF,Croatia,20.9,7.7,0,0,8,6,48,1,7,100,89.4,601,Europe,final o tercer puesto,no
Juan Foyth,DF,Argentina,24.93,0.1,0,0,0,0,0,0,1,0.7,75,5,South America,final o tercer puesto,no
Juan Pablo Vargas,DF,Costa Rica,27.53,1,0,0,0,0,5,1,1,33.3,79.2,41,North America,fase de grupos,no
Jude Bellingham,MF,England,19.47,4.6,0,0,5,5,31,1,5,92,88.7,324,Europe,cuartos de final,no
Jules Koundé,DF,France,24.1,5.3,0,1,5,2,25,0,6,72.7,81,352,Europe,final o tercer puesto,si
Julián Álvarez,FW,Argentina,22.88,5.2,0,0,13,2,21,4,7,67.2,76.9,174,South America,final o tercer puesto,no
Jung Woo-young,MF,Korea Republic,33.01,3.4,0,2,11,0,24,0,4,84.2,84.4,239,Asia,octavos de final,si
Junior Hoilett,FW,Canada,32.54,1.8,0,1,1,5,8,0,3,59.6,72.9,78,North America,fase de grupos,si
Junya Ito,MF,Japan,29.78,3.6,0,0,0,5,17,0,4,83.1,60.8,134,Asia,octavos de final,no
Jurriën Timber,DF,Netherlands,21.5,4.3,0,1,17,4,30,0,4,81.3,90.4,361,Europe,cuartos de final,si
Kai Havertz,FW,Germany,23.52,1.1,0,0,3,0,3,2,2,37.8,79.4,46,Europe,fase de grupos,no
Kalidou Koulibaly,DF,Senegal,31.5,4,0,1,3,3,28,1,4,100,76.1,260,Africa,octavos de final,si
Kalvin Phillips,MF,England,27.04,0.5,0,0,1,0,1,0,2,9.3,89.5,20,Europe,cuartos de final,no
Kamal Miller,DF,Canada,25.59,3,0,1,0,3,14,0,3,100,90.7,229,North America,fase de grupos,si
Kamaldeen Sulemana,FW,Ghana,20.84,0.6,0,1,2,2,0,0,2,21.5,52.6,28,Africa,fase de grupos,si
Kamil Glik,DF,Poland,34.87,4,0,0,2,0,11,0,4,100,90.8,167,Europe,octavos de final,no
Kamil Grosicki,MF,Poland,34.53,0,0,0,0,0,0,0,1,1.1,66.7,6,Europe,octavos de final,no
Kaoru Mitoma,MF,Japan,25.58,1.8,0,0,3,1,17,0,4,42.3,71.4,100,Asia,octavos de final,no
Karim Ansarifard,FW,IR Iran,32.71,0.4,0,0,0,0,0,0,2,13,80,11,Asia,fase de grupos,no
Karim Boudiaf,MF,Qatar,32.25,2.1,0,1,2,1,12,0,3,68.5,88.7,122,Asia,fase de grupos,si
Karl Toko Ekambi,FW,Cameroon,30.26,1.8,0,0,0,3,8,0,3,61.5,81.1,66,Africa,fase de grupos,no
Karol Świderski,FW,Poland,25.9,0.5,0,0,0,1,3,0,1,12.5,100,14,Europe,octavos de final,no
Kasper Dolberg,FW,Denmark,25.2,1.3,0,0,2,2,3,0,3,42.2,83.3,34,Europe,fase de grupos,no
Kasper Schmeichel,GK,Denmark,36.12,3,0,0,0,0,5,0,3,100,82.8,91,Europe,fase de grupos,no
Keanu Baccus,MF,Australia,24.53,1.3,0,0,4,1,11,0,4,31.7,63.4,59,Oceania,octavos de final,no
Kellyn Acosta,MF,United States,27.4,0.5,0,1,1,0,2,0,2,11.9,83.3,16,North America,octavos de final,si
Kendall Waston,DF,Costa Rica,34.96,2.5,0,0,1,0,10,0,3,83.3,80.3,107,North America,fase de grupos,no
Kenneth Taylor,MF,Netherlands,20.59,0.1,0,0,0,0,0,0,1,1,100,9,Europe,cuartos de final,no
Kevin De Bruyne,FW,Belgium,31.47,3,0,0,0,2,11,0,3,100,68.4,163,Europe,fase de grupos,no
Kevin Rodríguez,FW,Ecuador,22.79,0,0,0,1,0,NA,0,2,0.7,NA,NA,South America,fase de grupos,no
Kevin Álvarez,DF,Mexico,23.92,0.8,0,0,0,1,4,0,2,25.9,65.5,38,North America,fase de grupos,no
Keylor Navas,GK,Costa Rica,36.01,3,0,0,0,0,0,0,3,100,59.8,114,North America,fase de grupos,no
Keysher Fuller,DF,Costa Rica,28.44,2.8,0,0,2,4,11,1,3,93.7,69.8,92,North America,fase de grupos,no
Kieffer Moore,FW,Wales,30.36,2.5,0,0,5,4,7,0,3,83.3,64.3,95,Europe,fase de grupos,no
Kieran Trippier,DF,England,32.25,2.3,0,0,1,0,11,0,3,45.8,84.6,205,Europe,cuartos de final,no
Kim Jin-su,DF,Korea Republic,30.52,3.5,0,0,1,6,12,0,4,87.5,71.9,175,Asia,octavos de final,no
Kim Min-jae,DF,Korea Republic,26.09,3,0,0,0,0,14,0,3,74.7,87.4,213,Asia,octavos de final,no
Kim Moonhwan,DF,Korea Republic,27.38,4,0,0,1,0,16,0,4,100,83.1,289,Asia,octavos de final,no
Kim Seung-gyu,GK,Korea Republic,32.22,4,0,0,0,0,5,0,4,100,72.7,139,Asia,octavos de final,no
Kim Young-gwon,DF,Korea Republic,32.81,3.9,0,1,1,2,13,1,4,97.2,85.2,232,Asia,octavos de final,si
Kingsley Coman,FW,France,26.52,1.9,0,0,1,2,12,0,6,25.6,77.8,102,Europe,final o tercer puesto,no
Ko Itakura,DF,Japan,25.89,3,0,2,5,0,13,0,3,69.2,88.3,150,Asia,octavos de final,si
Koke,MF,Spain,30.94,0.6,0,0,0,0,2,0,2,13.3,90.3,68,Europe,octavos de final,no
Kristijan Jakić,FW,Croatia,25.6,0,0,0,0,0,0,0,1,0.1,NA,0,Europe,final o tercer puesto,no
Krystian Bielik,MF,Poland,24.95,2.4,0,0,5,4,10,0,4,60,86.9,129,Europe,octavos de final,no
Krzysztof Piątek,FW,Poland,27.47,0.3,0,0,0,1,1,0,2,7.8,33.3,9,Europe,octavos de final,no
Krépin Diatta,FW,Senegal,23.81,2,0,0,4,2,11,0,3,50.3,82.2,88,Africa,octavos de final,no
Kudus Mohammed,FW,Ghana,22.38,2.7,0,1,3,5,22,2,3,91.5,71.3,118,Africa,fase de grupos,si
Kwon Chang-hoon,FW,Korea Republic,28.47,0.6,0,0,0,0,3,0,1,15.6,76,28,Asia,octavos de final,no
Kwon Kyung-won,DF,Korea Republic,30.88,1,0,0,0,3,2,0,2,25.3,90.7,53,Asia,octavos de final,no
Kye Rowles,DF,Australia,24.48,4,0,0,1,2,12,0,4,100,88.2,231,Oceania,octavos de final,no
Kyle Walker,DF,England,32.56,2.6,0,0,3,3,10,0,3,52.4,89.5,198,Europe,cuartos de final,no
Kylian Mbappé,FW,France,23.99,6.6,0,0,7,7,20,8,7,90.6,75.5,325,Europe,final o tercer puesto,no
Lautaro Martínez,FW,Argentina,25.32,2.7,0,0,1,5,13,0,6,34.9,74.2,96,South America,final o tercer puesto,no
Lawrence Ati-Zigi,GK,Ghana,26.05,3,0,0,0,0,3,0,3,100,69.2,87,Africa,fase de grupos,no
Leander Dendoncker,DF,Belgium,27.68,1.8,0,1,3,0,6,0,2,59.6,97.5,142,Europe,fase de grupos,si
Leandro Paredes,MF,Argentina,28.47,2.5,0,2,6,5,19,0,5,32.6,93.5,269,South America,final o tercer puesto,si
Leandro Trossard,FW,Belgium,28.04,1.1,0,0,0,2,7,0,3,38.1,75.4,66,Europe,fase de grupos,no
Lee Jae-sung,MF,Korea Republic,30.36,2.3,0,0,2,1,7,0,3,58.6,86.6,116,Asia,octavos de final,no
Lee Kangin,MF,Korea Republic,21.83,1.6,0,1,2,4,6,0,4,40.8,80.5,91,Asia,octavos de final,si
Leon Goretzka,MF,Germany,27.86,1.8,0,1,4,3,12,0,3,58.9,73.7,72,Europe,fase de grupos,si
Leroy Sané,FW,Germany,26.93,1.2,0,0,0,0,6,0,2,41.1,81,68,Europe,fase de grupos,no
Liam Millar,DF,Canada,23.22,0.1,0,0,1,0,0,0,1,3.7,44.4,9,North America,fase de grupos,no
Lionel Messi,FW,Argentina,35.48,7.7,0,1,10,22,22,7,7,100,80.9,460,South America,final o tercer puesto,si
Lisandro Martínez,DF,Argentina,24.92,3.4,0,1,2,3,6,0,5,43.9,85.3,188,South America,final o tercer puesto,si
Lovro Majer,MF,Croatia,24.92,1.4,0,0,5,3,10,1,7,18.8,79.6,122,Europe,final o tercer puesto,no
Loïs Openda,FW,Belgium,22.84,0.1,0,0,0,1,1,0,1,4.8,60,9,Europe,fase de grupos,no
Lucas Cavallini,FW,Canada,29.97,0.2,0,0,1,0,0,0,1,7,100,3,North America,fase de grupos,no
Lucas Hernández,DF,France,26.84,0.1,0,0,0,0,1,0,1,1.8,50,10,Europe,final o tercer puesto,no
Lucas Paquetá,MF,Brazil,25.31,3.5,0,0,4,2,13,1,4,65.4,83.7,229,South America,cuartos de final,no
Luis Chávez,MF,Mexico,26.92,3,0,0,3,8,15,1,3,100,71.2,171,North America,fase de grupos,no
Luis Suárez,FW,Uruguay,35.9,1.6,0,1,0,6,3,0,3,54.1,62.5,52,South America,fase de grupos,si
Luka Jović,FW,Serbia,24.99,0.4,0,1,1,0,0,0,1,13.3,60,14,Europe,fase de grupos,si
Luka Modrić,MF,Croatia,37.27,7.3,0,1,13,15,51,0,7,94.6,84.4,615,Europe,final o tercer puesto,si
Lukas Klostermann,DF,Germany,26.54,0.7,0,0,1,0,6,0,2,24.4,98.1,56,Europe,fase de grupos,no
Luke Shaw,DF,England,27.44,4.7,0,0,5,4,21,0,5,94.2,83.8,419,Europe,cuartos de final,no
Luuk de Jong,FW,Netherlands,32.31,0.6,0,0,1,1,2,0,1,11.9,66.7,19,Europe,cuartos de final,no
Majid Hosseini,DF,IR Iran,26.5,3,0,1,4,1,22,0,3,100,81.1,137,Asia,fase de grupos,si
Manuel Akanji,DF,Switzerland,27.42,4,0,1,4,1,18,1,4,100,88.4,287,Europe,octavos de final,si
Manuel Neuer,GK,Germany,36.73,3,0,0,0,0,4,0,3,100,90.6,133,Europe,fase de grupos,no
Marcelo Brozović,MF,Croatia,30.09,6.1,0,1,12,11,45,0,6,80,87.9,594,Europe,final o tercer puesto,si
Marco Asensio,FW,Spain,26.91,2.5,0,0,3,3,3,1,4,58.7,74.8,150,Europe,octavos de final,no
Marcos Acuña,DF,Argentina,31.14,4.1,0,3,9,9,16,0,6,54.1,77,269,South America,final o tercer puesto,si
Marcos Llorente,DF,Spain,27.88,1.3,0,0,0,0,9,0,1,30.8,89.6,107,Europe,octavos de final,no
Marcus Rashford,FW,England,25.13,1.6,0,0,1,0,8,3,5,31.1,74.2,92,Europe,cuartos de final,no
Marcus Thuram,FW,France,25.37,1.7,0,1,3,5,7,0,5,22.9,69.2,74,Europe,final o tercer puesto,si
Mario Götze,MF,Germany,30.54,0.4,0,0,0,1,0,0,2,13.3,91.3,31,Europe,fase de grupos,no
Mario Pašalić,FW,Croatia,27.85,3,0,0,4,1,21,0,7,39.3,80,132,Europe,final o tercer puesto,no
Mark-Anthony Kaye,MF,Canada,28.04,0.7,0,0,1,1,4,0,1,21.9,83.6,68,North America,fase de grupos,no
Marko Grujić,MF,Serbia,26.68,0.1,0,0,0,0,2,0,1,4.8,82.4,20,Europe,fase de grupos,no
Marko Livaja,FW,Croatia,29.31,2.7,0,0,6,3,10,1,6,34.9,60.3,83,Europe,final o tercer puesto,no
Marquinhos,DF,Brazil,28.6,4.7,0,1,1,2,28,0,5,88.8,95.7,392,South America,cuartos de final,si
Marten de Roon,MF,Netherlands,31.72,2,0,0,3,0,8,0,5,38.3,81.5,142,Europe,cuartos de final,no
Martin Braithwaite,FW,Denmark,31.54,1.1,0,0,0,0,1,0,2,38.1,70,24,Europe,fase de grupos,no
Martin Hongla,MF,Cameroon,24.76,1.3,0,0,1,1,3,0,2,44.8,80.3,73,Africa,fase de grupos,no
Martinelli,FW,Brazil,21.5,1.3,0,0,2,3,5,0,3,23.5,75.6,70,South America,cuartos de final,no
Martín Cáceres,DF,Uruguay,35.7,1,0,1,1,0,3,0,1,33.3,86.1,83,South America,fase de grupos,si
Mason Mount,MF,England,23.94,2.1,0,0,7,9,7,0,4,41.3,83.6,91,Europe,cuartos de final,no
Mateo Kovačić,MF,Croatia,28.62,7.1,0,2,3,11,46,0,7,92,90.2,521,Europe,final o tercer puesto,si
Matheus Nunes,MF,Portugal,24.31,0.8,0,0,2,2,0,0,2,16.2,84.8,39,Europe,cuartos de final,no
Mathew Leckie,MF,Australia,31.87,3.7,0,0,8,6,15,1,4,92.5,65,157,Oceania,octavos de final,no
Mathew Ryan,GK,Australia,30.7,4,0,0,0,1,4,0,4,100,68.9,176,Oceania,octavos de final,no
Mathias Jensen,MF,Denmark,26.96,0.9,0,1,2,1,5,0,2,31.1,77.6,76,Europe,fase de grupos,si
Mathías Olivera,DF,Uruguay,25.13,2.8,0,1,2,3,15,0,3,93.7,78.2,178,South America,fase de grupos,si
Matt Turner,GK,United States,28.48,4,0,0,0,4,7,0,4,100,78.9,137,North America,octavos de final,no
Matthias Ginter,DF,Germany,28.91,0,0,0,1,0,0,0,1,0.4,100,3,Europe,fase de grupos,no
Matthijs de Ligt,DF,Netherlands,23.35,1,0,1,4,1,3,0,2,19,91.1,49,Europe,cuartos de final,si
Matty Cash,DF,Poland,25.36,4,0,2,7,3,10,0,4,100,76.9,197,Europe,octavos de final,si
Mattéo Guendouzi,FW,France,23.68,0.9,0,0,0,1,4,0,1,11.8,81.8,36,Europe,final o tercer puesto,no
Matías Vecino,MF,Uruguay,31.32,2.2,0,0,4,0,18,0,3,72.2,71.7,130,South America,fase de grupos,no
Matías Viña,DF,Uruguay,25.11,0.2,0,0,1,0,1,0,2,6.3,52.4,26,South America,fase de grupos,no
Maxi Gómez,FW,Uruguay,26.35,0.3,0,0,1,1,0,0,2,11.1,71.4,9,South America,fase de grupos,no
Maya Yoshida,DF,Japan,34.32,4.3,0,1,3,4,30,0,4,100,85.3,277,Asia,octavos de final,si
Mehdi Taremi,FW,IR Iran,30.42,3,0,0,5,4,13,2,3,100,74.4,123,Asia,fase de grupos,no
Mehdi Torabi,MF,IR Iran,28.27,0.7,0,0,0,0,6,0,3,23,81.1,48,Asia,fase de grupos,no
Memphis,FW,Netherlands,28.84,3.3,0,1,1,5,10,1,5,61.9,75.6,165,Europe,cuartos de final,si
Meshaal Barsham,GK,Qatar,24.84,2,0,0,0,0,1,0,2,66.7,71.4,69,Asia,fase de grupos,no
Michael Estrada,FW,Ecuador,26.7,2.5,0,0,6,7,5,0,3,83.3,56,71,South America,fase de grupos,no
Michał Skóraś,MF,Poland,22.84,0.5,0,0,1,2,1,0,1,12.5,88.9,12,Europe,octavos de final,no
Michel Aebischer,MF,Switzerland,25.95,0.2,0,0,0,0,0,0,1,4.4,50,4,Europe,octavos de final,no
Michy Batshuayi,FW,Belgium,29.21,1.7,0,0,5,1,4,1,2,55.9,66.7,42,Europe,fase de grupos,no
Miki Yamane,DF,Japan,28.99,0.7,0,1,2,1,5,0,1,15.6,72.7,36,Asia,octavos de final,si
Mikkel Damsgaard,MF,Denmark,22.46,1.7,0,0,2,1,10,0,3,55.6,76.4,91,Europe,fase de grupos,no
Milad Mohammadi,DF,IR Iran,29.22,2.2,0,0,2,1,11,0,3,72.6,64.7,90,Asia,fase de grupos,no
Milan Borjan,GK,Canada,35.15,3,0,0,0,0,3,0,3,100,77.6,105,North America,fase de grupos,no
Miloš Degenek,DF,Australia,28.64,2,0,2,2,8,15,0,4,50.8,66.3,123,Oceania,octavos de final,si
Miloš Veljković,DF,Serbia,27.23,2.5,0,0,1,0,12,0,3,81.9,87.5,127,Europe,fase de grupos,no
Mislav Oršić,FW,Croatia,29.97,1.8,0,0,3,0,4,1,6,23.5,74.1,81,Europe,final o tercer puesto,no
Mitchell Duke,FW,Australia,31.92,3,0,1,6,3,11,1,4,75,57.1,96,Oceania,octavos de final,si
Mohamed Ali Ben Romdhane,MF,Tunisia,23.28,0.8,0,0,1,1,10,0,1,27,66.7,31,Africa,fase de grupos,no
Mohamed Dräger,DF,Tunisia,26.48,1.5,0,0,2,1,2,0,2,48.9,72,70,Africa,fase de grupos,no
Mohamed Kanno,MF,Saudi Arabia,28.24,3,0,0,8,3,19,0,3,100,81,184,Asia,fase de grupos,no
Mohammed Al-Breik,DF,Saudi Arabia,30.26,0.7,0,0,0,1,3,0,2,24.1,81.3,57,Asia,fase de grupos,no
Mohammed Al-Owais,GK,Saudi Arabia,31.19,3,0,1,0,3,5,0,3,100,57,113,Asia,fase de grupos,si
Mohammed Muntari,FW,Qatar,28.99,0.7,0,0,1,2,4,1,3,23.3,89.5,28,Asia,fase de grupos,no
Mohammed Salisu,DF,Ghana,23.67,3,0,0,6,1,15,1,3,100,72.2,184,Africa,fase de grupos,no
Mohammed Waad,MF,Qatar,23.25,0.3,0,0,1,0,1,0,2,10.4,75,16,Asia,fase de grupos,no
Moisés Caicedo,MF,Ecuador,21.13,3,0,1,4,5,14,1,3,99.6,82.4,173,South America,fase de grupos,si
Montassar Talbi,DF,Tunisia,24.56,3,0,0,4,2,16,0,3,100,86.1,177,Africa,fase de grupos,no
Morteza Pouraliganji,DF,IR Iran,30.67,3,0,1,5,1,16,0,3,100,71.9,156,Asia,fase de grupos,si
Moumi Ngamaleu,FW,Cameroon,28.44,1.1,0,0,3,5,5,0,2,35.2,84,34,Africa,fase de grupos,no
Munir,GK,Morocco,33.61,1,0,0,0,0,1,0,1,13.6,67.9,31,Africa,final o tercer puesto,no
Musab Kheder,DF,Qatar,29.23,0.1,0,0,0,1,0,0,1,2.2,100,5,Asia,fase de grupos,no
Na Sang-ho,FW,Korea Republic,26.35,1.3,0,0,2,0,5,0,2,33.1,64.9,60,Asia,octavos de final,no
Nader Ghandri,DF,Tunisia,27.83,1,0,0,0,1,2,0,1,33.3,81.8,45,Africa,fase de grupos,no
Nahuel Molina,DF,Argentina,24.7,6.3,0,0,3,0,23,1,7,82.2,81.3,398,South America,final o tercer puesto,no
Nampalys Mendy,MF,Senegal,30.49,3,0,1,5,2,18,0,4,75.6,88.7,182,Africa,octavos de final,si
Nasser Al-Dawsari,FW,Saudi Arabia,24,0.1,0,0,1,0,1,0,1,1.9,100,13,Asia,fase de grupos,no
Nathan Aké,DF,Netherlands,27.83,5.3,0,1,4,6,21,0,5,99.8,90.3,393,Europe,cuartos de final,si
Nathaniel Atkinson,DF,Australia,23.52,0.9,0,0,0,0,6,0,1,23.3,79.4,43,Oceania,octavos de final,no
Nawaf Al Abed,MF,Saudi Arabia,32.89,1,0,1,2,2,2,0,2,32.6,84.6,51,Asia,fase de grupos,si
Nayef Aguerd,DF,Morocco,26.72,3.9,0,0,2,0,18,0,4,53.5,86.7,185,Africa,final o tercer puesto,no
Naïm Sliti,MF,Tunisia,30.39,1.3,0,0,0,3,8,0,2,42.2,56.9,67,Africa,fase de grupos,no
Neco Williams,DF,Wales,21.68,2.3,0,0,3,5,16,0,3,75.6,68.3,138,Europe,fase de grupos,no
Nemanja Gudelj,MF,Serbia,31.09,1,0,2,3,0,6,0,2,34.1,84.6,59,Europe,fase de grupos,si
Nemanja Maksimović,MF,Serbia,27.89,1.4,0,0,0,1,6,0,3,45.2,87.7,75,Europe,fase de grupos,no
Nemanja Radonjić,DF,Serbia,26.84,0.7,0,0,0,2,6,0,3,22.2,62.5,36,Europe,fase de grupos,no
Neymar,MF,Brazil,30.87,3.1,0,0,4,16,11,2,3,58.1,79.1,203,South America,cuartos de final,no
Niclas Füllkrug,FW,Germany,29.85,0.8,0,0,0,1,2,2,3,25.6,62.5,38,Europe,fase de grupos,no
Nico Elvedi,DF,Switzerland,26.22,2,0,1,3,1,15,0,2,50,92.3,165,Europe,octavos de final,si
Nico Schlotterbeck,DF,Germany,23.05,1,0,0,1,1,10,0,2,34.8,89.4,135,Europe,fase de grupos,no
Nico Williams,FW,Spain,20.44,1.6,0,0,0,1,7,0,4,37.4,79.4,88,Europe,octavos de final,no
Nicola Zalewski,MF,Poland,20.9,0.7,0,0,1,2,5,0,2,18.1,88.2,29,Europe,octavos de final,no
Nicolas Jackson,FW,Senegal,21.5,0.2,0,0,1,0,3,0,1,4.7,90,11,Africa,octavos de final,no
Nicolas Nkoulou,DF,Cameroon,32.73,2,0,1,2,2,11,0,2,66.7,86.8,115,Africa,fase de grupos,si
Nicolás De La Cruz,MF,Uruguay,25.55,0.4,0,0,0,2,4,0,2,14.1,80,28,South America,fase de grupos,no
Nicolás Otamendi,DF,Argentina,34.85,7.7,0,2,13,5,39,0,7,100,92.2,639,South America,final o tercer puesto,si
Nicolás Tagliafico,DF,Argentina,30.3,4.1,0,0,6,6,12,0,6,54.1,81.5,220,South America,final o tercer puesto,no
Niklas Süle,DF,Germany,27.29,3,0,0,0,2,17,0,3,99.6,90.6,268,Europe,fase de grupos,no
Nikola Milenković,DF,Serbia,25.18,3,0,2,8,2,18,0,3,100,86.5,198,Europe,fase de grupos,si
Nikola Vlašić,FW,Croatia,25.21,2.3,0,0,4,6,10,0,6,30.3,81.8,80,Europe,final o tercer puesto,no
Noa Lang,MF,Netherlands,23.5,0.1,0,1,0,0,1,0,1,1.7,33.3,5,Europe,cuartos de final,si
Noah Okafor,FW,Switzerland,22.57,0.5,0,0,2,1,4,0,3,12.5,77.3,29,Europe,octavos de final,no
Nouhou Tolo,DF,Cameroon,25.49,3,0,1,3,1,17,0,3,100,76.1,145,Africa,fase de grupos,si
Noussair Mazraoui,DF,Morocco,25.09,4.1,0,0,3,1,21,0,5,55.3,81,175,Africa,final o tercer puesto,no
Nuno Mendes,DF,Portugal,20.5,0.5,0,0,0,2,2,0,1,9.1,90.6,36,Europe,cuartos de final,no
Néstor Araujo,DF,Mexico,31.3,1,0,1,2,0,6,0,1,33.3,83,62,North America,fase de grupos,si
Olivier Giroud,FW,France,36.22,4.7,0,1,2,4,7,4,6,63.5,64.9,111,Europe,final o tercer puesto,si
Olivier Ntcham,MF,Cameroon,26.85,0.3,0,0,0,0,1,0,1,9.3,91.7,14,Africa,fase de grupos,no
Orbelín Pineda,MF,Mexico,26.74,0.8,0,0,2,4,4,0,1,28.1,72,46,North America,fase de grupos,no
Osman Bukari,MF,Ghana,24.01,0.7,0,0,1,1,2,1,2,21.9,70,29,Africa,fase de grupos,no
Otávio,MF,Portugal,27.85,2.2,0,0,6,10,16,0,3,43.6,77.2,145,Europe,cuartos de final,no
Ousmane Dembélé,FW,France,25.59,4.8,0,1,6,3,26,0,7,65.6,75.4,241,Europe,final o tercer puesto,si
Pablo Sarabia,FW,Spain,30.61,0,0,0,0,0,0,0,1,0.8,40,6,Europe,octavos de final,no
Paik Seung-ho,MF,Korea Republic,25.76,0.3,0,0,1,0,4,1,1,7.2,74.1,30,Asia,octavos de final,no
Pape Abou Cissé,DF,Senegal,27.26,1.2,0,0,1,0,2,0,3,29.2,75.7,49,Africa,octavos de final,no
Pape Gueye,MF,Senegal,23.9,1.7,0,0,3,3,5,0,3,42.5,72.6,81,Africa,octavos de final,no
Pape Matar Sarr,MF,Senegal,20.26,0.7,0,0,0,1,3,0,2,16.4,83.7,54,Africa,octavos de final,no
Papu Gómez,MF,Argentina,34.84,1.2,0,0,1,5,6,0,2,15.5,88.3,69,South America,final o tercer puesto,no
Pathé Ciss,MF,Senegal,28.76,1.6,0,1,4,0,10,0,3,40.6,80.7,74,Africa,octavos de final,si
Pau Torres,DF,Spain,25.92,1,0,0,1,0,6,0,1,23.1,91.1,194,Europe,octavos de final,no
Paulo Dybala,FW,Argentina,29.09,0.2,0,0,1,0,1,0,2,2.6,66.7,20,South America,final o tercer puesto,no
Pedri,MF,Spain,20.06,4,0,0,2,3,27,0,4,91.3,90.6,462,Europe,octavos de final,no
Pedro,FW,Brazil,25.5,0.7,0,0,2,1,2,0,2,13.3,76.9,25,South America,cuartos de final,no
Pepe,DF,Portugal,39.81,4,0,0,3,5,28,1,4,80,82.4,330,Europe,cuartos de final,no
Pervis Estupiñán,DF,Ecuador,24.91,3,0,0,8,3,21,0,3,100,77.9,217,South America,fase de grupos,no
Phil Foden,FW,England,22.56,2.9,0,0,2,4,9,1,4,57.3,76.9,143,Europe,cuartos de final,no
Piero Hincapié,DF,Ecuador,20.94,3,0,0,5,1,13,0,3,100,84,227,South America,fase de grupos,no
Pierre Højbjerg,MF,Denmark,27.37,3,0,0,0,1,26,0,3,100,89.3,249,Europe,fase de grupos,no
Pierre Kunde,MF,Cameroon,27.4,1.5,0,1,3,1,13,0,2,48.5,77.6,70,Africa,fase de grupos,si
Piotr Zieliński,MF,Poland,28.58,3.6,0,0,4,2,17,1,4,91.1,81,178,Europe,octavos de final,no
Przemysław Frankowski,MF,Poland,27.68,2.7,0,1,1,5,12,0,4,66.7,66.2,97,Europe,octavos de final,si
Rafael Leão,FW,Portugal,23.52,1,0,0,3,1,5,2,5,19.6,68.1,63,Europe,cuartos de final,no
Raheem Sterling,FW,England,28.03,1.7,0,0,0,2,8,1,3,33.1,81.8,68,Europe,cuartos de final,no
Ramin Rezaeian,DF,IR Iran,32.75,2,0,1,2,3,22,1,2,66.7,69.5,130,Asia,fase de grupos,si
Randal Kolo Muani,FW,France,24.04,2,0,0,4,5,9,1,3,27.6,56.8,76,Europe,final o tercer puesto,no
Raphaël Guerreiro,DF,Portugal,28.99,3.1,0,0,2,1,17,1,4,62,84.3,207,Europe,cuartos de final,no
Raphaël Varane,DF,France,29.65,5.8,0,0,1,1,17,0,6,78.5,89.5,322,Europe,final o tercer puesto,no
Raphinha,FW,Brazil,26.01,3.5,0,0,2,5,11,0,5,65.6,74,189,South America,cuartos de final,no
Rasmus Nissen,DF,Denmark,25.44,2.5,0,1,2,1,15,0,3,83,76.5,204,Europe,fase de grupos,si
Raúl Jiménez,FW,Mexico,31.62,0.7,0,0,1,1,2,0,3,21.9,62.5,37,North America,fase de grupos,no
Remo Freuler,MF,Switzerland,30.68,3.6,0,0,6,2,19,1,4,89.7,82.5,197,Europe,octavos de final,no
Renato Steffen,FW,Switzerland,31.12,0.4,0,0,0,1,5,0,1,8.9,86.7,19,Europe,octavos de final,no
Ricardo Horta,FW,Portugal,28.26,1.3,0,0,3,1,6,1,3,26.4,67.4,55,Europe,cuartos de final,no
Ricardo Rodríguez,DF,Switzerland,30.32,4,0,0,6,2,16,0,4,99.7,71.6,247,Europe,octavos de final,no
Richarlison,FW,Brazil,25.61,3.6,0,0,5,6,13,3,4,67.3,69,97,South America,cuartos de final,no
Richie Laryea,DF,Canada,27.95,1.8,0,0,1,2,11,0,3,59.3,74.5,73,North America,fase de grupos,no
Riley McGree,FW,Australia,24.13,2.9,0,0,9,2,11,0,4,73.6,76,107,Oceania,octavos de final,no
Ritsu Doan,FW,Japan,24.51,2.4,0,0,3,4,11,2,4,55.6,64.3,95,Asia,octavos de final,no
Riyadh Sharahili,MF,Saudi Arabia,29.64,0.6,0,0,4,0,3,0,1,20,82.4,28,Asia,fase de grupos,no
Roan Wilson,MF,Costa Rica,20.63,0,0,0,0,0,1,0,1,0.4,100,8,North America,fase de grupos,no
Robert Lewandowski,FW,Poland,34.33,4,0,0,6,9,14,2,4,100,67,153,Europe,octavos de final,no
Robert Skov,DF,Denmark,26.58,0.2,0,1,1,0,2,0,1,8.1,81,24,Europe,fase de grupos,si
Roberto Alvarado,FW,Mexico,24.28,0.2,0,1,1,0,0,0,1,6.7,50,12,North America,fase de grupos,si
Rodri,DF,Spain,26.49,4.3,0,0,5,1,35,0,4,100,93.2,710,Europe,octavos de final,no
Rodrigo Bentancur,MF,Uruguay,25.48,2.4,0,1,5,3,35,0,3,78.9,85,197,South America,fase de grupos,si
Rodrigo De Paul,MF,Argentina,28.57,6.7,0,0,7,15,42,0,7,86.8,83.6,625,South America,final o tercer puesto,no
Rodrygo,MF,Brazil,21.94,2,0,0,3,6,11,0,5,37.7,80.5,152,South America,cuartos de final,no
Rogelio Funes Mori,FW,Mexico,31.79,0.1,0,0,2,1,0,0,1,1.9,NA,2,North America,fase de grupos,no
Romain Saïss,DF,Morocco,32.73,5.2,0,1,4,0,28,1,6,70.6,79.9,248,Africa,final o tercer puesto,si
Romario Ibarra,MF,Ecuador,28.23,0.8,0,0,0,0,3,0,2,25.2,71.4,23,South America,fase de grupos,no
Romelu Lukaku,FW,Belgium,29.6,0.6,0,0,1,0,1,0,2,20.4,66.7,16,Europe,fase de grupos,no
Roozbeh Cheshmi,DF,IR Iran,29.4,0.6,0,0,1,0,4,1,2,21.5,63.6,19,Asia,fase de grupos,no
Ruben Vargas,FW,Switzerland,24.37,3.2,0,1,4,2,11,0,4,79.2,68.4,140,Europe,octavos de final,si
Rubin Colwill,MF,Wales,20.64,0.1,0,0,0,0,1,0,1,3.7,50,6,Europe,fase de grupos,no
Ró-Ró,DF,Qatar,32.37,2.9,0,0,4,5,14,0,3,97,72.2,134,Asia,fase de grupos,no
Rónald Matarrita,DF,Costa Rica,28.44,0.3,0,0,1,1,4,0,2,9.6,62.1,30,North America,fase de grupos,no
Rúben Dias,DF,Portugal,25.6,4,0,1,4,2,15,0,4,80,90.5,293,Europe,cuartos de final,si
Rúben Neves,MF,Portugal,25.77,3,0,1,5,2,12,0,5,59.6,91.4,275,Europe,cuartos de final,si
Saad Al Sheeb,GK,Qatar,32.83,1,0,1,1,1,3,0,1,33.3,90,22,Asia,fase de grupos,si
Sadegh Moharrami,DF,IR Iran,26.8,1,0,0,2,0,6,0,1,33.3,69.2,32,Asia,fase de grupos,no
Saeid Ezatolahi,MF,IR Iran,26.21,2.4,0,0,2,5,17,0,3,80.4,75,115,Asia,fase de grupos,no
Saleh Al-Shehri,FW,Saudi Arabia,29.13,2.5,0,1,6,5,7,1,3,82.6,61.7,73,Asia,fase de grupos,si
Salem Al-Dawsari,MF,Saudi Arabia,31.33,3,0,1,3,3,16,2,3,100,77.5,146,Asia,fase de grupos,si
Salis Abdul Samed,MF,Ghana,22.73,2.8,0,0,5,2,15,0,3,92.6,89,169,Africa,fase de grupos,no
Salman Al-Faraj,MF,Saudi Arabia,33.38,0.5,0,0,0,0,1,0,1,16.3,75,19,Asia,fase de grupos,no
Sam Adekugbe,DF,Canada,27.92,1.1,0,1,1,0,3,0,3,35.2,88.7,77,North America,fase de grupos,si
Saman Ghoddos,MF,IR Iran,29.28,0.5,0,0,1,0,1,0,1,16.7,75,24,Asia,fase de grupos,no
Sami Al-Najei,MF,Saudi Arabia,25.86,0.5,0,0,0,0,2,0,1,16.7,61.9,25,Asia,fase de grupos,no
Samuel Oum Gouet,MF,Cameroon,25.01,1.1,0,0,0,1,10,0,2,37,88.1,65,Africa,fase de grupos,no
Sardar Azmoun,FW,IR Iran,27.96,1.4,0,0,1,1,3,0,3,46.7,60,40,Asia,fase de grupos,no
Saud Abdulhamid,DF,Saudi Arabia,23.42,3,0,1,7,5,14,0,3,100,72.1,150,Asia,fase de grupos,si
Saša Lukić,MF,Serbia,26.35,2.7,0,2,7,1,19,0,3,90.7,88.3,182,Europe,fase de grupos,si
Sebastian Szymański,MF,Poland,23.61,1.5,0,0,1,3,6,0,2,37.2,63.4,61,Europe,octavos de final,no
Sebastián Coates,DF,Uruguay,32.2,2,0,1,2,0,9,0,2,66.7,81.7,107,South America,fase de grupos,si
Selim Amallah,MF,Morocco,26.09,4.5,0,1,11,8,12,0,7,62,74.7,145,Africa,final o tercer puesto,si
Serge Gnabry,FW,Germany,27.43,2.9,0,0,2,2,11,1,3,97.4,72.9,148,Europe,fase de grupos,no
Sergej Milinković-Savić,MF,Serbia,27.81,2.6,0,1,2,4,18,1,3,86.3,72.5,158,Europe,fase de grupos,si
Sergio Busquets,MF,Spain,34.42,4,0,1,3,3,28,0,4,93.1,90.3,309,Europe,octavos de final,si
Sergio Rochet,GK,Uruguay,29.74,3,0,0,1,0,2,0,3,100,69.2,88,South America,fase de grupos,no
Sergiño Dest,DF,United States,22.12,3.4,0,1,4,2,13,0,4,84.7,86,250,North America,octavos de final,si
Shaquell Moore,DF,United States,26.13,0.2,0,0,3,0,2,0,2,6.1,66.7,27,North America,octavos de final,no
Shogo Taniguchi,DF,Japan,31.43,2.3,0,1,3,0,8,0,2,53.8,84.7,105,Asia,octavos de final,si
Shūichi Gonda,GK,Japan,33.79,4.3,0,0,1,0,1,0,4,100,60.2,124,Asia,octavos de final,no
Silvan Widmer,DF,Switzerland,29.79,2.9,0,1,4,2,13,0,3,73.6,75.1,208,Europe,octavos de final,si
Simon Kjær,DF,Denmark,33.73,0.7,0,0,0,0,6,0,1,23.7,84.7,68,Europe,fase de grupos,no
Sofiane Boufal,FW,Morocco,29.25,5.3,0,1,11,14,20,0,7,72,74.4,199,Africa,final o tercer puesto,si
Sofyan Amrabat,MF,Morocco,26.33,7.3,0,1,14,6,57,0,7,100,83.5,383,Africa,final o tercer puesto,si
Son Heung-min,FW,Korea Republic,30.45,4,0,0,1,6,16,0,4,100,67,158,Asia,octavos de final,no
Son Jun-ho,MF,Korea Republic,30.6,0.8,0,0,5,0,9,0,3,20,93.2,68,Asia,octavos de final,no
Sorba Thomas,MF,Wales,23.32,0,0,0,0,0,1,0,1,0.4,75,6,Europe,fase de grupos,no
Srđan Babić,DF,Serbia,26.66,0.1,0,0,0,0,1,0,1,4.8,62.5,16,Europe,fase de grupos,no
Stefan Mitrović,DF,Serbia,32.58,0.4,0,0,0,0,1,0,1,13,85.7,22,Europe,fase de grupos,no
Stephen Eustáquio,MF,Canada,25.99,1.4,0,0,1,1,10,0,2,46.3,89.2,109,North America,fase de grupos,no
Steve Mandanda,GK,France,37.73,1,0,0,0,0,1,0,1,13.6,61.3,32,Europe,final o tercer puesto,no
Steven Berghuis,MF,Netherlands,31,2.2,0,1,4,0,8,0,4,41.7,74,141,Europe,cuartos de final,si
Steven Bergwijn,FW,Netherlands,25.19,2.4,0,1,2,4,4,0,4,44.4,88.9,85,Europe,cuartos de final,si
Steven Vitória,DF,Canada,35.93,3,0,1,6,5,18,0,3,100,86,203,North America,fase de grupos,si
Strahinja Pavlović,DF,Serbia,21.57,2.6,0,2,6,4,18,1,3,87,77.6,186,Europe,fase de grupos,si
Sultan Al-Ghanam,DF,Saudi Arabia,28.62,1.4,0,0,2,0,4,0,3,46.7,65.4,68,Asia,fase de grupos,no
Taha Yassine Khenissi,FW,Tunisia,30.95,0.3,0,1,3,1,0,0,2,10.7,33.3,8,Africa,fase de grupos,si
Tajon Buchanan,MF,Canada,23.86,2.9,0,1,6,6,14,0,3,96.3,68.5,131,North America,fase de grupos,si
Takefusa Kubo,FW,Japan,21.54,1,0,0,2,2,4,0,2,23.1,54.5,23,Asia,octavos de final,no
Takehiro Tomiyasu,DF,Japan,24.12,2.1,0,0,1,0,12,0,3,47.9,70.9,118,Asia,octavos de final,no
Takuma Asano,FW,Japan,28.1,1.8,0,0,4,0,8,1,4,42.3,75,49,Asia,octavos de final,no
Takumi Minamino,FW,Japan,27.92,0.7,0,0,1,0,4,0,3,15.4,63.6,32,Asia,octavos de final,no
Tarek Salman,DF,Qatar,25.04,0.1,0,0,0,0,1,0,1,3,70,14,Asia,fase de grupos,no
Tariq Lamptey,DF,Ghana,22.22,1.1,0,1,3,2,8,0,2,37.8,61.8,50,Africa,fase de grupos,si
Teun Koopmeiners,MF,Netherlands,24.8,2.4,0,1,6,1,12,0,5,45.6,75.6,149,Europe,cuartos de final,si
Theo Hernández,DF,France,25.2,5.6,0,1,6,13,30,1,6,77,85.3,383,Europe,final o tercer puesto,si
Thiago Almada,MF,Argentina,21.65,0.1,0,0,0,0,0,0,1,1,100,15,South America,final o tercer puesto,no
Thiago Silva,DF,Brazil,38.24,4.3,0,0,2,3,17,0,4,81.3,93.6,368,South America,cuartos de final,no
Thibaut Courtois,GK,Belgium,30.61,3,0,0,0,0,2,0,3,100,87.8,129,Europe,fase de grupos,no
Thilo Kehrer,DF,Germany,26.24,0.8,0,1,3,0,3,0,1,25.6,75.9,43,Europe,fase de grupos,si
Thomas Delaney,MF,Denmark,31.29,0.5,0,0,0,0,2,0,1,16.3,82.8,31,Europe,fase de grupos,no
Thomas Meunier,DF,Belgium,31.27,2.3,0,1,4,1,13,0,3,78.1,74.8,167,Europe,fase de grupos,si
Thomas Müller,FW,Germany,33.26,2.2,0,0,0,1,1,0,3,74.4,71.8,91,Europe,fase de grupos,no
Thomas Partey,MF,Ghana,29.52,3,0,0,3,2,21,0,3,100,83,220,Africa,fase de grupos,no
Thorgan Hazard,FW,Belgium,29.72,1.2,0,0,2,2,6,0,2,39.3,69,66,Europe,fase de grupos,no
Tim Ream,DF,United States,35.2,4,0,1,1,2,19,0,4,100,88.8,305,North America,octavos de final,si
Timothy Castagne,DF,Belgium,27.04,3,0,0,3,1,9,0,3,100,87.1,229,Europe,fase de grupos,no
Timothy Weah,FW,United States,22.82,3.5,0,0,1,1,10,1,4,87.8,83.3,132,North America,octavos de final,no
Toby Alderweireld,DF,Belgium,33.8,3,0,0,0,0,9,0,3,100,90.8,303,Europe,fase de grupos,no
Trent Alexander-Arnold,DF,England,24.2,0.4,0,0,1,0,1,0,1,7.6,91.3,24,Europe,cuartos de final,no
Tyler Adams,MF,United States,23.84,4,0,1,5,5,33,0,4,100,88.9,307,North America,octavos de final,si
Unai Simón,GK,Spain,25.52,4.3,0,0,0,0,11,0,4,100,93.8,167,Europe,octavos de final,no
Uriel Antuna,FW,Mexico,25.33,0.9,0,0,0,1,1,0,3,28.5,60,33,North America,fase de grupos,no
Vanja Milinković-Savić,GK,Serbia,25.82,3,0,0,0,0,5,0,3,100,72,136,Europe,fase de grupos,no
Victor Nelsson,DF,Denmark,24.18,1,0,0,0,2,3,0,1,33.3,93.2,79,Europe,fase de grupos,no
Vincent Aboubakar,FW,Cameroon,30.9,1.6,1,2,3,2,3,2,3,52.6,64.5,50,Africa,fase de grupos,si
Vincent Janssen,FW,Netherlands,28.51,1,0,0,2,2,2,0,2,17.9,80,32,Europe,cuartos de final,no
Vinicius Júnior,FW,Brazil,22.44,3.3,0,0,0,7,12,1,4,62.3,75.6,132,South America,cuartos de final,no
Virgil van Dijk,DF,Netherlands,31.45,5.3,0,0,5,2,31,0,5,100,87.4,399,Europe,cuartos de final,no
Vitinha,MF,Portugal,22.84,1.3,0,1,1,3,4,0,3,26.7,92.6,118,Europe,cuartos de final,si
Wahbi Khazri,FW,Tunisia,31.86,0.9,0,0,1,2,5,1,2,30.7,65,36,Africa,fase de grupos,no
Wajdi Kechrida,DF,Tunisia,27.12,1.2,0,1,2,0,6,0,3,41.1,63.8,77,Africa,fase de grupos,si
Walid Cheddira,FW,Morocco,24.9,0.7,1,2,5,0,0,0,2,9.7,50,18,Africa,final o tercer puesto,si
Walker Zimmerman,DF,United States,29.58,3.1,0,0,3,0,17,0,4,77.5,88.9,274,North America,octavos de final,no
Wataru Endo,MF,Japan,29.85,3.4,0,1,7,9,22,0,4,77.9,80.7,239,Asia,octavos de final,si
Wayne Hennessey,GK,Wales,35.9,1.9,1,0,1,0,0,0,2,64.8,75.8,68,Europe,fase de grupos,no
Weston McKennie,MF,United States,24.31,3,0,1,6,2,14,0,4,75.3,76.5,177,North America,octavos de final,si
William Carvalho,MF,Portugal,30.7,2.4,0,0,3,2,15,0,4,47.8,91.8,182,Europe,cuartos de final,no
William Saliba,DF,France,21.74,0.3,0,0,0,1,3,0,1,4.2,100,38,Europe,final o tercer puesto,no
Wojciech Szczęsny,GK,Poland,32.67,4,0,0,1,1,4,0,4,100,59.2,159,Europe,octavos de final,no
Wout Weghorst,FW,Netherlands,30.36,0.7,0,1,5,1,2,2,4,13.3,60,22,Europe,cuartos de final,si
Wéverton,GK,Brazil,35.01,0.1,0,0,0,0,0,0,1,2.3,60,5,South America,cuartos de final,no
Xavi Simons,FW,Netherlands,19.66,0.1,0,0,0,1,0,0,1,1.9,60,11,Europe,cuartos de final,no
Xherdan Shaqiri,FW,Switzerland,31.19,2.5,0,0,2,6,6,1,3,63.6,64.4,111,Europe,octavos de final,no
Yahya Attiat Allah,DF,Morocco,27.8,3.5,0,0,8,3,21,0,6,48.2,71.5,167,Africa,final o tercer puesto,no
Yahya Jabrane,MF,Morocco,31.5,0.2,0,0,0,0,NA,0,2,2.3,NA,NA,Africa,final o tercer puesto,no
Yann Sommer,GK,Switzerland,34,3,0,0,0,0,5,0,3,75,91.5,126,Europe,octavos de final,no
Yannick Carrasco,FW,Belgium,29.29,1.3,0,1,1,2,8,0,2,43,84.8,68,Europe,fase de grupos,si
Yasser Al-Shahrani,DF,Saudi Arabia,30.57,1,0,0,1,0,5,0,1,33,44.8,43,Asia,fase de grupos,no
Yassine Bounou,GK,Morocco,31.7,6.3,0,0,0,1,7,0,6,86.4,73.7,219,Africa,final o tercer puesto,no
Yassine Meriah,DF,Tunisia,29.46,3,0,0,3,1,16,0,3,100,81.3,208,Africa,fase de grupos,no
Yeltsin Tejeda,MF,Costa Rica,30.76,3,0,0,0,2,14,1,3,99.6,78.8,128,North America,fase de grupos,no
Youri Tielemans,MF,Belgium,25.62,1.1,0,0,2,1,9,0,3,35.2,82.8,77,Europe,fase de grupos,no
Youssef En-Nesyri,FW,Morocco,25.55,6,0,0,2,4,13,2,7,82.1,61.7,127,Africa,final o tercer puesto,no
Youssef Msakni,MF,Tunisia,32.14,1.9,0,0,0,4,9,0,2,62.6,72.5,95,Africa,fase de grupos,no
Youssouf Fofana,MF,France,23.94,2.5,0,0,3,1,17,0,6,34.4,85.7,138,Europe,final o tercer puesto,no
Youssouf Sabaly,DF,Senegal,29.79,4,0,0,3,12,27,0,4,100,86.3,253,Africa,octavos de final,no
Youssoufa Moukoko,FW,Germany,18.08,0,0,0,0,0,1,0,1,0.4,50,2,Europe,fase de grupos,no
Youstin Salas,DF,Costa Rica,26.5,0.5,0,0,0,0,5,0,2,17.4,78.9,27,North America,fase de grupos,no
Yuki Soma,FW,Japan,25.81,0.9,0,0,2,3,2,0,1,20.8,57.9,26,Asia,octavos de final,no
Yunus Musah,MF,United States,20.05,3.8,0,0,9,3,23,0,4,95.3,83,221,North America,octavos de final,no
Yuto Nagatomo,MF,Japan,36.27,2.3,0,0,6,0,11,0,4,53.6,71.6,123,Asia,octavos de final,no
Zakaria Aboukhlal,FW,Morocco,22.83,0.9,0,0,1,0,3,1,4,12,50,26,Africa,final o tercer puesto,no
Álvaro Morata,FW,Spain,30.15,2.1,0,0,1,2,2,3,4,47.4,68.3,58,Europe,octavos de final,no
Álvaro Zamora,MF,Costa Rica,20.78,0.3,0,0,0,0,1,0,1,11.1,100,9,North America,fase de grupos,no
Ángel Correa,MF,Argentina,27.78,0.1,0,0,0,1,0,0,1,0.7,100,6,South America,final o tercer puesto,no
Ángel Di María,MF,Argentina,34.84,3.2,0,0,0,7,7,1,5,41.7,77.4,201,South America,final o tercer puesto,no
Ángelo Preciado,DF,Ecuador,24.83,2.9,0,0,8,2,10,0,3,97.8,72.9,162,South America,fase de grupos,no
Éder Militão,DF,Brazil,24.92,3.9,0,1,7,3,29,0,4,72.3,90.6,306,South America,cuartos de final,si
Óscar Duarte,DF,Costa Rica,33.54,3,0,1,1,0,9,0,3,100,69.4,132,North America,fase de grupos,si
İlkay Gündoğan,MF,Germany,32.15,2.1,0,0,3,2,18,1,3,70,89.3,187,Europe,fase de grupos,no
